Username,Trajectory,X,Y,Z
TrIpTi,,-6.294658,1.245955,5.179777
TrIpTi,,-6.291936,1.243712,5.177592
TrIpTi,,-6.290684,1.242022,5.176585
TrIpTi,,-6.291035,1.243268,5.177328
TrIpTi,,-6.290742,1.24667,5.177947
TrIpTi,,-6.2916,1.248998,5.177057
