Username,Trajectory,X,Y,Z
Gaurav,spiral,-6.47742,1.531658,4.672975
Gaurav,spiral,-6.47742,1.528668,4.672975
Gaurav,spiral,-6.47742,1.523016,4.672975
Gaurav,spiral,-6.47742,1.515112,4.672975
Gaurav,spiral,-6.47742,1.504502,4.672975
Gaurav,spiral,-6.47742,1.490786,4.672975
Gaurav,spiral,-6.47742,1.475961,4.672975
Gaurav,spiral,-6.47742,1.459431,4.672975
Gaurav,spiral,-6.47742,1.438133,4.672975
Gaurav,spiral,-6.47742,1.416523,4.672975
