Username,Trajectory,X,Y,Z
Gaurav,Triangle,-6.406024,1.438839,4.475023
Gaurav,Triangle,-6.406024,1.407298,4.475023
Gaurav,Triangle,-6.406024,1.373905,4.475023
Gaurav,Triangle,-6.406024,1.33288,4.475023
