Username,Trajectory,X,Y,Z
RAJ,Star,-6.429206,1.383325,4.733979
RAJ,Star,-6.429206,1.380244,4.733979
RAJ,Star,-6.429206,1.374629,4.733979
RAJ,Star,-6.429206,1.367468,4.733979
RAJ,Star,-6.429206,1.357349,4.733979
RAJ,Star,-6.429206,1.344517,4.733979
RAJ,Star,-6.429206,1.330075,4.733979
RAJ,Star,-6.429206,1.312922,4.733979
RAJ,Star,-6.429206,1.290825,4.733979
